,evolution_type,question,ground_truth
0,simple,What impact does increasing model size have on performance in both large-scale and small-scale tasks?,"Increasing the model size leads to continual improvements on large-scale tasks such as machine translation and language modeling. This work demonstrates that scaling to extreme model sizes also results in large improvements on very small scale tasks, provided that the model has been sufficiently pre-trained."
1,reasoning,What affects word vector accuracy in semantics and syntax?,"The accuracy of word vectors in semantics and syntax is affected by the choice of model architecture, the dimensionality of the word vectors, and the amount of training data used. Specifically, using more data and higher dimensional word vectors can improve accuracy, but after a certain point, the improvements may diminish. Additionally, the current models do not have input information about word morphology, which also impacts accuracy."
2,reasoning,Which method blends retrieval and sampling for event argument extraction?,The method that blends retrieval and sampling for event argument extraction is called 'Retrieve-and-sample: Document-level event argument extraction via hybrid retrieval augmentation.'
3,multi_context,What role do reflection tokens play in improving the SELF-RAG framework's adaptability and accuracy?,"Reflection tokens in the SELF-RAG framework signal the need for retrieval or confirm the output's relevance, support, or completeness. They enable the model to tailor its behavior to diverse task requirements, thus improving the framework's adaptability and accuracy by allowing the model to reflect on its own generation process and evaluate the quality of its outputs."
4,multi_context,What are the efficiency vs. accuracy trade-offs of multi-step vs. single-step methods in retrieval-augmented LLMs?,"The multi-step approach for retrieval-augmented LLMs is powerful but largely inefficient for simple queries, as it requires multiple accesses to both LLMs and retrievers, leading to heavy computational overheads. In contrast, the single-step approach is highly efficient and can effectively handle easy queries, but it struggles with queries that require precise or concurrent knowledge beyond the LLM's internal knowledge."
5,multi_context,What role do reflection tokens play in SELF-RAG for retrieval and output evaluation?,"Reflection tokens in SELF-RAG signal the need for retrieval or confirm the output's relevance, support, or completeness. They enable the model to self-evaluate its output and decide when to retrieve text passages, thus enhancing the quality and factuality of the generated text."
6,multi_context,What advantages does the collapsed tree method have over traditional retrieval techniques for different datasets?,"The collapsed tree method offers greater flexibility and superior performance compared to traditional retrieval techniques like Dense Passage Retrieval (DPR). It allows for the selection of nodes from different tree layers, which matches the detail level of the questions, often yielding more relevant and comprehensive information for downstream tasks. This advantage is particularly evident in its performance across various datasets, including QASPER, NarrativeQA, and QuALITY, where it consistently outperforms traditional methods."
7,reasoning,How does CBOW stack up against RNNLM and Skip-gram on semantics?,"The CBOW architecture performs about the same on the semantic tasks compared to the NNLM, but it works better than the NNLM on syntactic tasks. In contrast, the Skip-gram architecture performs much better on the semantic part of the test than all the other models, but slightly worse on the syntactic task than the CBOW model."
8,multi_context,How does query complexity affect retrieval efficiency for multi-step vs. single-step questions?,"The context discusses how query complexity affects retrieval efficiency by highlighting that single-step approaches may be sufficient for simple queries, while multi-step approaches are necessary for complex queries that require multiple reasoning steps. Multi-step approaches can be powerful but are largely inefficient for simple queries due to the need for multiple accesses to both LLMs and retrievers, leading to heavy computational overheads."
9,multi_context,How does BIC help optimize cluster numbers in GMMs for high-dimensional text summarization?,"BIC helps optimize cluster numbers in GMMs for high-dimensional text summarization by penalizing model complexity while rewarding goodness of fit. It provides a criterion for model selection, allowing the determination of the optimal number of clusters based on the balance between the number of parameters and the maximized likelihood of the model."
10,multi_context,How do reflection tokens boost LLM adaptability and accuracy in SELF-RAG?,"Reflection tokens in SELF-RAG boost LLM adaptability and accuracy by enabling the model to signal the need for retrieval or to confirm the output's relevance, support, or completeness. This allows the LLM to tailor its behavior to diverse task requirements and to reflect on its own generation process, thereby improving the quality and factuality of its outputs."
11,conditional,How does reranking improve info retrieval for language models with large docs?,"Reranking improves information retrieval for language models by reordering document chunks to highlight the most pertinent results first. This effectively reduces the overall document pool, serving a dual purpose as both an enhancer and a filter, which delivers refined inputs for more precise language model processing."
12,simple,What is the purpose of the single-step approach in the Adaptive-RAG framework?,"The purpose of the single-step approach in the Adaptive-RAG framework is to handle queries of moderate complexity by seeking out relevant information in a straightforward manner, as opposed to more complex multi-step approaches."
13,reasoning,How did RAPTOR's accuracy on QuALITY's hard subset compare?,"RAPTOR + GPT-4 achieved an accuracy of 76.2 on the hard subset of the QuALITY dataset, which is higher than the accuracies of other models listed, such as Longformer-base (35.3) and DPR and DeBERTaV3-large (46.1)."
14,reasoning,"What metrics were used for PopQA, and how do they vary by dataset?","The metrics used for PopQA include accuracy, which was adopted as the evaluation metric for PopQA, PubHealth, and Arc-Challenge. Additionally, FactScore was adopted as the evaluation metric for Biography."
15,multi_context,"What metrics were used to assess PopQA, PubHealth, and Arc-Challenge accuracy, and how do they stack up against FactScore for Biography?","The metrics used to assess PopQA, PubHealth, and Arc-Challenge accuracy are accuracy itself, while FactScore was adopted as the evaluation metric for Biography. The context does not provide a direct comparison of how these metrics stack up against each other."
16,multi_context,What insights on reward prediction accuracy can be gained from comparing Llama2-7B and FLAN-3B?,"The insights on reward prediction accuracy indicate that while the final model uses Llama2-7B as a base LM, the comparison with FLAN-3B shows that both models demonstrate relatively lower performance on ISUSE. However, the reward model exhibits higher than 80% accuracy overall, suggesting that fine-tuned specialized LMs are effective in evaluating text. The confusion between the two highest cases (5 and 4) in ISUSE is noted, where human annotators can also disagree."
17,conditional,What benefits does RAPTOR provide for adapting to world state changes with info from various document levels?,"RAPTOR provides significant improvements in adapting to changes in world state by retrieving information from a tree structure that integrates information across lengthy documents at different levels of abstraction. This allows for a holistic understanding of the overall document context, which is particularly beneficial for thematic questions requiring knowledge from multiple parts of a text."
18,simple,What is the purpose of residual connections in the Transformer model architecture?,"The purpose of residual connections in the Transformer model architecture is to facilitate the flow of information through the model by allowing the output of each sub-layer to be combined with its input, which helps in training deep networks. This is achieved by using the formula LayerNorm( x + Sublayer( x)), where Sublayer( x) is the function implemented by the sub-layer itself."
19,reasoning,What's the role of multi-head self-attention and residuals in encoder layers?,"In the encoder layers, the role of multi-head self-attention is to allow the model to focus on different parts of the input sequence simultaneously, enhancing its ability to capture relationships between words. The residual connections around each sub-layer help in preserving the information from the input, facilitating better gradient flow during training, and aiding in the convergence of the model."
20,reasoning,How does web retrieval enhance responses to complex queries?,"Web retrieval enhances responses to complex queries by providing access to a wider range of information, expert opinions, and detailed explanations that may not be readily available in the initial context. This can lead to more accurate, comprehensive, and nuanced answers."
21,reasoning,Which parser has the best F1 score vs. Transformer?,"The Recurrent Neural Network Grammar has the best F1 score compared to the Transformer, as the Transformer performs better than all previously reported models except for the Recurrent Neural Network Grammar."
22,multi_context,"What are the layers and roles in the Transformer encoder/decoder, especially self-attention and residuals?","The Transformer encoder is composed of a stack of 6 identical layers, each having two sub-layers: a multi-head self-attention mechanism and a position-wise fully connected feed-forward network. It employs a residual connection around each sub-layer, followed by layer normalization. The output of each sub-layer is computed as LayerNorm(x + Sublayer(x)). The decoder also consists of a stack of 6 identical layers, which includes the same two sub-layers as the encoder, plus a third sub-layer that performs multi-head attention over the encoder's output. Similar to the encoder, the decoder uses residual connections and layer normalization, and it modifies the self-attention sub-layer to prevent positions from attending to subsequent positions, ensuring that predictions for position i depend only on known outputs at positions less than i."
23,multi_context,How does bidirectional context boost pre-training for models like BERT?,"BERT boosts pre-training by using bidirectional context, which allows the model to jointly condition on both left and right context in all layers. This approach alleviates the unidirectionality constraint found in standard language models, enabling better performance on tasks that require understanding context from both directions, such as question answering."
